vkontakte.ru,vkontakte.ru/,–í–ö–æ–Ω—Ç–∞–∫—Ç–µ.—Ä—É,48678840,78
mail.ru,mail.ru/,–ü–æ—á—Ç–∞ Mail.Ru,5939878,75
hsdigital,www.hsdigital.ru/,Hearst Shkulev Digital,2613353,80
RS_Total/Riaru_Total,ria.ru,–†–ò–ê –ù–æ–≤–æ—Å—Ç–∏: –≥–ª–∞–≤–Ω—ã–µ –Ω–æ–≤–æ—Å—Ç–∏ —á–∞—Å–∞,2158782,86
otvet.mail.ru,otvet.mail.ru/,–û—Ç–≤–µ—Ç—ã Mail.Ru,1977685,87
go.mail.ru,go.mail.ru/,–ü–æ–∏—Å–∫ Mail.Ru,1590902,78
mic_izvestia,iz.ru,–ò–∑–≤–µ—Å—Ç–∏—è,1520334,86
kp,kp.ru,–ö–æ–º—Å–æ–º–æ–ª—å—Å–∫–∞—è –ø—Ä–∞–≤–¥–∞-Digital,1504333,74
hsdigital/wn,hearst-shkulev-media.ru,Women's Network Hearst Shkulev Media,1456332,73
Lenta,lenta.ru,Lenta.Ru,1427679,81
drom,www.drom.ru,"Drom.ru - –ø—Ä–æ–¥–∞–∂–∞ –∞–≤—Ç–æ–º–æ–±–∏–ª–µ–π, –æ—Ç–∑—ã–≤—ã, —Ñ–æ—Ä—É–º—ã, –∫–∞—Ç–∞–ª–æ–≥–∏",1331182,89
gazeta_all,www.gazeta.ru/,–ì–∞–∑–µ—Ç–∞.Ru: –ì–ª–∞–≤–Ω—ã–µ –Ω–æ–≤–æ—Å—Ç–∏ –∏ –ø–æ–¥—Ä–æ–±–Ω–æ—Å—Ç–∏ —Ç–µ–∫—É—â–∏—Ö —Å–æ–±—ã—Ç–∏–π,1276435,85
vesti.ru,vesti.ru/,–ò–Ω—Ñ–æ—Ä–º–∞—Ü–∏–æ–Ω–Ω—ã–π –∫–∞–Ω–∞–ª &quot;–í–µ—Å—Ç–∏&quot;,1193171,79
mk,www.mk.ru,–ú–û–°–ö–û–í–°–ö–ò–ô –ö–û–ú–°–û–ú–û–õ–ï–¶,1179256,87
news.rambler.ru,news.rambler.ru/,–†–∞–º–±–ª–µ—Ä/–º–µ–¥–∏–∞ - –≥–ª–∞–≤–Ω—ã–µ –Ω–æ–≤–æ—Å—Ç–∏ –∏ c–æ–±—ã—Ç–∏—è –≤ –†–æ—Å—Å–∏–∏ –∏ –º–∏—Ä–µ,1167038,78
rg.ru,rg.ru/,–†–æ—Å—Å–∏–π—Å–∫–∞—è –ì–∞–∑–µ—Ç–∞: –∏–∑–¥–∞–Ω–∏–µ –ü—Ä–∞–≤–∏—Ç–µ–ª—å—Å—Ç–≤–∞ –†–§,993294,91
RBCRU,www.rbc.ru,"–†–ë–ö - –†–æ—Å–ë–∏–∑–Ω–µ—Å–ö–æ–Ω—Å–∞–ª—Ç–∏–Ω–≥ - –Ω–æ–≤–æ—Å—Ç–∏, –∫—É—Ä—Å—ã –≤–∞–ª—é—Ç, –ø–æ–≥–æ–¥–∞",917711,88
mail-my,my.mail.ru/,–ú–æ–π –ú–∏—Ä Mail.Ru,861065,75
hsdigital/rn/smi,news.ngs.ru,–°–µ—Ç—å –≥–æ—Ä–æ–¥—Å–∫–∏—Ö –ø–æ—Ä—Ç–∞–ª–æ–≤ Hearst Shkulev Digital ‚Äî –ù–û–í–û–°–¢–ò,819702,94
Pikabu,pikabu.ru,–°–æ–æ–±—â–µ—Å—Ç–≤–æ –ü–∏–∫–∞–±—É,783406,78
russian.rt.com,russian.rt.com/,RT –Ω–∞ —Ä—É—Å—Å–∫–æ–º,749507,82
smi2.ru,smi2.ru/,–°–ú–ò2 - –ù–æ–≤–æ—Å—Ç–Ω–æ–π –∞–≥—Ä–µ–≥–∞—Ç–æ—Ä –∏ –Ω–æ–≤–æ—Å—Ç–Ω–∞—è –æ–±–º–µ–Ω–Ω–∞—è —Å–µ—Ç—å,709464,81
life.ru,life.ru/,L!FE.ru,658411,88
HeadHunter,hh.ru/,HeadHunter Group - Online Hiring Services,658022,82
irecommend.ru,irecommend.ru/,IRecommend - –æ—Ç–∑—ã–≤—ã –∏ —Ä–µ–∫–æ–º–µ–Ω–¥–∞—Ü–∏–∏ –æ—Ç —Ä–µ–∞–ª—å–Ω—ã—Ö –ª—é–¥–µ–π,629439,75
farpost,farpost.ru,–°–∞–π—Ç—ã –í–ª–∞–¥–∏–≤–æ—Å—Ç–æ–∫–∞,616672,94
AIF,www.aif.ru,"–ê—Ä–≥—É–º–µ–Ω—Ç—ã –∏ –§–∞–∫—Ç—ã //  –û–±—ä—è—Å–Ω—è–µ–º, —á—Ç–æ –ø—Ä–æ–∏—Å—Ö–æ–¥–∏—Ç",601577,74
NaPlatforme,mirtesen.ru,–†–µ–∫–æ–º–µ–Ω–¥–∞—Ç–µ–ª—å–Ω–∞—è —Å–æ—Ü–∏–∞–ª—å–Ω–∞—è —Å–µ—Ç—å –ú–∏—Ä–¢–µ—Å–µ–Ω,594779,70
ura.ru,ura.ru/,URA.Ru - –†–æ—Å—Å–∏–π—Å–∫–æ–µ –∏–Ω—Ñ–æ—Ä–º–∞—Ü–∏–æ–Ω–Ω–æ–µ –∞–≥–µ–Ω—Ç—Å—Ç–≤–æ,593977,95
championat_com,championat.com,–ß–µ–º–ø–∏–æ–Ω–∞—Ç: –≤–µ–¥—É—â–∏–π —Å–∞–π—Ç –æ —Å–ø–æ—Ä—Ç–µ,568394,79
dni.ru,dni.ru/,–î–ù–ò —Ä—É - –∏–Ω—Ç–µ—Ä–Ω–µ—Ç-–≥–∞–∑–µ—Ç–∞,539817,79
2gis,www.2gis.ru,–ö–∞—Ä—Ç–∞ –æ–Ω–ª–∞–π–Ω —Å–æ —Å–ø—Ä–∞–≤–æ—á–Ω–∏–∫–æ–º –æ—Ä–≥–∞–Ω–∏–∑–∞—Ü–∏–π ‚Äî 2–ì–ò–°,517249,80
ruprom,tiu.ru,Tiu.ru ‚Äî –¢–æ–≤–∞—Ä—ã –∏ —É—Å–ª—É–≥–∏. –ö—Ä—É–ø–Ω–µ–π—à–∏–π –≤ –†–æ—Å—Å–∏–∏ –ø–æ—Ä—Ç–∞–ª —Ç–æ–≤–∞—Ä–æ–≤ –∏ —É—Å–ª—É–≥,510715,93
woman.ru,www.woman.ru/,"Woman.ru - –∏–Ω—Ç–µ—Ä–Ω–µ—Ç –¥–ª—è –∂–µ–Ω—â–∏–Ω: –∑–≤–µ–∑–¥—ã, –º–æ–¥–∞, –∫—Ä–∞—Å–æ—Ç–∞, –º—ã –∏ –º—É–∂—á–∏–Ω—ã",497961,68
starhit.ru,starhit.ru/,Starhit.ru - –ø—Ä–æ–µ–∫—Ç –ê–Ω–¥—Ä–µ—è –ú–∞–ª–∞—Ö–æ–≤–∞ –æ –∑–≤–µ–∑–¥–∞—Ö,495034,82
kommersant.ru,www.kommersant.ru/,&quot;–ö–æ–º–º–µ—Ä—Å–∞–Ω—Ç—ä&quot;. –ò–∑–¥–∞—Ç–µ–ª—å—Å–∫–∏–π –¥–æ–º,476609,91
Lentainform,lentainform.com/,Lentainform.com - –≠—Ñ—Ñ–µ–∫—Ç–∏–≤–Ω–∞—è —Å–∏—Å—Ç–µ–º–∞ —Ä–µ–∫–æ–º–µ–Ω–¥–∞—Ü–∏–∏ –∫–æ–Ω—Ç–µ–Ω—Ç–∞,473300,60
echo.msk.ru,www.echo.msk.ru/,–≠—Ö–æ –ú–æ—Å–∫–≤—ã,463143,79
russianfood.com,russianfood.com/,–†–µ—Ü–µ–ø—Ç—ã –∫—É–ª–∏–Ω–∞—Ä–Ω—ã—Ö –±–ª—é–¥ –æ—Ç RussianFood.com,430264,74
Sportbox,www.sportbox.ru,Sportbox.ru,421895,88
ren.tv,ren.tv/,–ù–æ–≤–æ—Å—Ç–∏ - –Ω–∞—à–µ –ø—Ä–∏–∑–≤–∞–Ω–∏–µ. –†–ï–ù –¢–í,419299,88
CIAN,www.cian.ru/,–¶–ò–ê–ù –ì–†–£–ü–ü - –õ–∏–¥–µ—Ä –æ–Ω–ª–∞–π–Ω –Ω–µ–¥–≤–∏–∂–∏–º–æ—Å—Ç–∏ –†–æ—Å—Å–∏–∏,408859,93
zaycev.net,zaycev.net/,–¢–£–¢ –ó–ê–ô–¶–ï–í.–ù–ï–¢! –¢–æ–ª—å–∫–æ —Å–∞–º—ã–µ —Å–≤–µ–∂–∏–µ –∏ –ø–æ–ø—É–ª—è—Ä–Ω—ã–µ mp3 –ë–ï–°–ü–õ–ê–¢–ù–û –∏ –ë–ï–ó –†–ï–ì–ò–°–¢–†–ê–¶–ò–ò,408785,86
vz.ru,vz.ru/,–í–ó–ì–õ–Ø–î.–†–£,399238,78
rutube.ru,www.rutube.ru/,Rutube - –ª—É—á—à–µ–µ –≤–∏–¥–µ–æ:),381351,60
sport-express.ru,sport-express.ru/,–°–ü–û–†–¢-–≠–ö–°–ü–†–ï–°–°,375253,82
hsdigital/wn/woman/forum,hsdigital/wn/woman/forum,Woman.ru - –§–æ—Ä—É–º,371701,67
tvzvezda.ru,tvzvezda.ru/,"–ó–í–ï–ó–î–ê, –º–µ–¥–∏–∞–≥—Ä—É–ø–ø–∞  | –ö—Ä—É–≥–ª–æ—Å—É—Ç–æ—á–Ω–æ–µ –∏–Ω—Ñ–æ—Ä–º–∞—Ü–∏–æ–Ω–Ω–æ–µ –≤–µ—â–∞–Ω–∏–µ",368513,79
animevost.org,animevost.org/,–ë–∞–∑–∞ ‚Ññ1 –ø–æ –ø—Ä–æ—Å–º–æ—Ç—Ä—É –∞–Ω–∏–º–µ –æ–Ω–ª–∞–π–Ω,355849,66
yaplakal.com,www.yaplakal.com/,–Ø–ü–ª–∞–∫–∞–ª—ä - –∫—Ä—É–ø–Ω–µ–π—à–µ–µ –∏–Ω—Ñ–æ—Ä–º–∞—Ü–∏–æ–Ω–Ω–æ-—Ä–∞–∑–≤–ª–µ–∫–∞—Ç–µ–ª—å–Ω–æ–µ —Å–æ–æ–±—â–µ—Å—Ç–≤–æ —Ä—É–Ω–µ—Ç–∞,350980,78
tutu.ru,tutu.ru/,"–¢—É—Ç—É.—Ä—É - –∞–≤–∏–∞ –∏ –∂/–¥ –±–∏–ª–µ—Ç—ã, –æ—Ç–µ–ª–∏, –∏–Ω—Ñ–æ—Ä–º–∞—Ü–∏—è –¥–ª—è –ø—É—Ç–µ—à–µ—Å—Ç–≤–µ–Ω–Ω–∏–∫–æ–≤",343602,91
baby_ru,www.baby.ru/,–±—ç–±–∏.—Ä—É - –±—ã—Ç—å —Å—á–∞—Å—Ç–ª–∏–≤–æ–π –º–∞–º–æ–π,343210,79
fishki,fishki.net/,–§–∏—à–∫–∏ –ù–µ—Ç - –ø–µ—Ä–≤–æ–µ —Ä–∞–∑–≤–ª–µ–∫–∞—Ç–µ–ª—å–Ω–æ–µ —Å–æ–æ–±—â–µ—Å—Ç–≤–æ –†—É–Ω–µ—Ç–∞,340241,71
BabyBlog,www.babyblog.ru,BabyBlog.ru ‚Äî –æ–±—â–µ–Ω–∏–µ –æ —Å–µ–º—å–µ –∏ –¥–µ—Ç—è—Ö,334515,71
povar.ru,povar.ru/,–ü–æ–≤–∞—Ä.—Ä—É - –≤—Å–µ —Ä–µ—Ü–µ–ø—Ç—ã!,329644,84
regnum.ru,www.regnum.ru/,–ò–ê REGNUM,323002,88
TASS_total,tass.ru,–¢–ê–°–° - –ù–æ–≤–æ—Å—Ç–∏ –≤ –†–æ—Å—Å–∏–∏ –∏ –º–∏—Ä–µ,308331,83
e1_ru,e1.ru,E1.RU ‚Äî –ï–∫–∞—Ç–µ—Ä–∏–Ω–±—É—Ä–≥ –û–Ω-–õ–∞–π–Ω,308142,90
womanmediafort,www.mediafort.ru/,–ñ–µ–Ω—Å–∫–∏–µ —Å–∞–π—Ç—ã –≥—Ä—É–ø–ø—ã &quot;–ú–µ–¥–∏–∞–§–æ—Ä—Ç&quot;,294219,70
ngs_ru,ngs.ru,–ù–µ–∑–∞–≤–∏—Å–∏–º—ã–π –ì–æ—Ä–æ–¥—Å–∫–æ–π –°–∞–π—Ç –ù–æ–≤–æ—Å–∏–±–∏—Ä—Å–∫–∞,289025,95
u-f.ru,www.u-f.ru/,–Æ–∂–Ω—ã–π –§–µ–¥–µ—Ä–∞–ª—å–Ω—ã–π - –≥–∞–∑–µ—Ç–∞ —é–∂–Ω–æ–≥–æ —Ñ–µ–¥–µ—Ä–∞–ª—å–Ω–æ–≥–æ –æ–∫—Ä—É–≥–∞,287715,76
kino-teatr.ru,www.kino-teatr.ru/,"–ö–∏–Ω–æ-–¢–µ–∞—Ç—Ä.–†–£ - –∏–Ω—Ç–µ—Ä–≤—å—é, —Å—Ç–∞—Ç—å–∏, –ø—Ä–µ–º—å–µ—Ä—ã, –Ω–æ–≤–æ—Å—Ç–∏ –∫–∏–Ω–æ –∏ —Ç–µ–∞—Ç—Ä–∞",282007,64
rlsnet.ru,www.rlsnet.ru/,–≠–ù–¶–ò–ö–õ–û–ü–ï–î–ò–Ø –õ–ï–ö–ê–†–°–¢–í - www.rlsnet.ru,278688,75
edimdoma.ru,www.edimdoma.ru/,¬´–ï–¥–∏–º –î–æ–º–∞!¬ª ‚Äî –∫—É–ª–∏–Ω–∞—Ä–Ω–∞—è —Å–æ—Ü–∏–∞–ª—å–Ω–∞—è —Å–µ—Ç—å. –†–µ—Ü–µ–ø—Ç—ã.,277617,64
vokrug.tv,www.vokrug.tv/,"–í–æ–∫—Ä—É–≥ –¢–í - —Ç–µ–ª–µ–≥–∏–¥, —Ç–µ–ª–µ–ø—Ä–æ–≥—Ä–∞–º–º–∞ –∏ —ç–Ω—Ü–∏–∫–ª–æ–ø–µ–¥–∏—è —Ç–µ–ª–µ–≤–∏–¥–µ–Ω–∏—è",277110,71
ntv.ru,www.ntv.ru/,"–ù–¢–í.ru - –ù–æ–≤–æ—Å—Ç–∏, –≤–∏–¥–µ–æ, –ø—Ä—è–º–æ–π —ç—Ñ–∏—Ä —Ç–µ–ª–µ–∫–∞–Ω–∞–ª–∞ –ù–¢–í",272090,74
7dn.ru,7dn.ru/,"7–î–Ω–µ–π.—Ä—É - –í—Å—ë –æ –∑–≤–µ–∑–¥–∞—Ö! –ù–æ–≤–æ—Å—Ç–∏, –∏–Ω—Ç–µ—Ä–≤—å—é, —Ñ–æ—Ç–æ –∏ –≤–∏–¥–µ–æ –∑–≤–µ–∑–¥",267519,77
wday.ru,www.wday.ru/,–ñ–µ–Ω—Å–∫–∏–π –æ–Ω–ª–∞–π–Ω-–∂—É—Ä–Ω–∞–ª WDay.ru,260048,67
baza.drom.ru,baza.drom.ru/,–û–±—ä–µ–¥–∏–Ω–µ–Ω–Ω–∞—è –±–∞–∑–∞ –∑–∞–ø—á–∞—Å—Ç–µ–π,259795,92
1tv.ru,www.1tv.ru/,1TV - –ü–ï–†–í–´–ô –ö–ê–ù–ê–õ - –¢–í –†–û–°–°–ò–ò,259190,64
riafan.ru,riafan.ru/,–§–µ–¥–µ—Ä–∞–ª—å–Ω–æ–µ –∞–≥–µ–Ω—Ç—Å—Ç–≤–æ –Ω–æ–≤–æ—Å—Ç–µ–π,258560,75
7ya.ru,www.7ya.ru/,–°–µ–º–µ–π–Ω—ã–µ —Å–∞–π—Ç—ã –ê–õ–ü-–ú–µ–¥–∏–∞,257838,70
RegMarkets,regmarkets.ru/,"–†–∞–∑–º–µ—Å—Ç–∏—Ç–µ —Ç–æ–≤–∞—Ä—ã XML: CPC –æ—Ç 2 —Ä—É–±. –ö–æ–Ω–≤–µ—Ä—Å–∏—è –æ—Ç 4%, –¢–µ—Å—Ç–∏—Ä–æ–≤–∞–Ω–∏–µ(–º–µ—Å—è—Ü)",251779,96
eg.ru,www.eg.ru/,"–≠–ö–°–ü–†–ï–°–° –≥–∞–∑–µ—Ç–∞ - –Ω–æ–≤–æ—Å—Ç–∏, –∞–Ω–∞–ª–∏—Ç–∏–∫–∞, –∏—Å—Ç–æ—Ä–∏–∏",250917,81
svpressa,svpressa.ru/,–°–≤–æ–±–æ–¥–Ω–∞—è –ü—Ä–µ—Å—Å–∞ / svpressa.ru,250123,83
wf.mail.ru,wf.mail.ru/,Warface - –æ–Ω–ª–∞–π–Ω-—à—É—Ç–µ—Ä –Ω–æ–≤–æ–≥–æ –ø–æ–∫–æ–ª–µ–Ω–∏—è –æ—Ç CryTek - —Ä–∞–∑—Ä–∞–±–æ—Ç—á–∏–∫–∞ FarCry –∏ Crysis,249970,78
hsdigital/rn/smi/66,hsdigital/rn/smi/66,–ï1.RU - –ï–∫–∞—Ç–µ—Ä–∏–Ω–±—É—Ä–≥ –æ–Ω–ª–∞–π–Ω. Hearst Shkulev Digital,248586,91
progorod,progorod43.ru,–°–µ—Ç—å –ø–æ—Ä—Ç–∞–ª–æ–≤ PRO –ì–æ—Ä–æ–¥,243679,97
m.babyblog.ru,m.babyblog.ru/,BabyBlog - –º–æ–±–∏–ª—å–Ω–∞—è –≤–µ—Ä—Å–∏—è,239798,72
4pda.ru,4pda.ru/,4PDA.ru,238532,66
gazeta.ru/social,www.gazeta.ru/social/,–ì–∞–∑–µ—Ç–∞.Ru: –û–±—â–µ—Å—Ç–≤–æ,234415,89
eda-recepty.com,eda-recepty.com/,üå∂üçÖ –ö—É–ª–∏–Ω–∞—Ä–Ω—ã–µ —Ä–µ—Ü–µ–ø—Ç—ã üç∞ 1000.menu üçî,233722,69
matchtv.ru,matchtv.ru/,–ú–∞—Ç—á –¢–í - –û—Ñ–∏—Ü–∏–∞–ª—å–Ω—ã–π —Å–∞–π—Ç —Ç–µ–ª–µ–∫–∞–Ω–∞–ª–∞,225950,87
nation-news.ru,nation-news.ru/,–ù–∞—Ä–æ–¥–Ω—ã–µ –Ω–æ–≤–æ—Å—Ç–∏ –†–æ—Å—Å–∏–∏,224814,81
povarenok,www.povarenok.ru/,–ü–æ–≤–∞—Ä–µ–Ω–æ–∫.—Ä—É - –≤—Å—ë –æ –∫—É–ª–∏–Ω–∞—Ä–∏–∏,223647,75
hsdigital/rn/smi/54,news.ngs.ru/,NGS.RU - –≥–ª–∞–≤–Ω—ã–µ –Ω–æ–≤–æ—Å—Ç–∏ –ù–æ–≤–æ—Å–∏–±–∏—Ä—Å–∫–∞. Hearst Shkulev Digital,223031,96
PlayGround,www.PlayGround.ru,PlayGround.ru - –†–æ—Å—Å–∏–π—Å–∫–∏–π –ò–≥—Ä–æ–≤–æ–π –°–µ—Ä–≤–µ—Ä,215100,73
tsargradtv,tsargrad.tv/,–¢–µ–ª–µ–∫–∞–Ω–∞–ª &quot;–¶–∞—Ä—å–≥—Ä–∞–¥&quot; - –ü–µ—Ä–≤—ã–π –†—É—Å—Å–∫–∏–π,213710,88
altapress,altapress.ru/,"–ê–ª—Ç–∞–ø—Ä–µ—Å—Å, –∏–∑–¥–∞—Ç–µ–ª—å—Å–∫–∏–π –¥–æ–º",210557,87
uznayvse.ru,www.uznayvse.ru/,–ü–æ—Ä—Ç–∞–ª –≤—Å–µ—Ö –Ω–æ–≤–æ—Å—Ç–µ–π &quot;–£–∑–Ω–∞–π –≤—Å–Å&quot;,210201,68
sanoma-women,cosmo.ru/,"Independent Women's Network: Cosmo, Bazaar, Women‚Äôs Health, –î–æ–º–∞—à–Ω–∏–π –û—á–∞–≥ –∏ –¥—Ä.",202614,65
pda.fishki.net,pda.fishki.net/,–§–∏—à–∫–∏ –ù–µ—Ç - –º–æ–±–∏–ª—å–Ω–∞—è –≤–µ—Ä—Å–∏—è,202139,71
rugion,rugion.ru/,–°–µ—Ç—å —Ä–µ–≥–∏–æ–Ω–∞–ª—å–Ω—ã—Ö —Å–∞–π—Ç–æ–≤ &quot;–†—É–≥–∏–æ–Ω&quot;,200480,94
livemaster.ru,livemaster.ru/,–Ø—Ä–º–∞—Ä–∫–∞ –º–∞—Å—Ç–µ—Ä–æ–≤,196781,78
russian7.ru,russian7.ru/,–†—É—Å—Å–∫–∞—è —Å–µ–º–µ—Ä–∫–∞,190051,78
teleprogramma.pro,teleprogramma.pro/,Teleprogramma.pro: —Ç–µ–ª–µ–≥–∏–¥ –∏ —à–æ—É-–±–∏–∑–Ω–µ—Å,187891,70
Rabotagroup,www.rabota.ru,Rabota.ru - —Å–≤–µ–∂–∏–µ –≤–∞–∫–∞–Ω—Å–∏–∏ –∏ —Ä–µ–∑—é–º–µ –†–æ—Å—Å–∏–∏ –∏ –°–ù–ì,184256,93
fotostrana,fotostrana.ru,–§–æ—Ç–æ–°—Ç—Ä–∞–Ω–∞ ‚Äì —Ä–∞–∑–≤–ª–µ–∫–∞—Ç–µ–ª—å–Ω–∞—è —Å–æ—Ü–∏–∞–ª—å–Ω–∞—è —Å–µ—Ç—å,184156,71
cosmo.ru,www.cosmo.ru/,COSMOPOLITAN,182927,64
novayagazeta.ru,novayagazeta.ru/,–ù–û–í–ê–Ø –ì–ê–ó–ï–¢–ê,182461,81
ctc.ru,ctc.ru/,–¢–µ–ª–µ–∫–∞–Ω–∞–ª –°–¢–°,181062,86
gazeta.ru/sport,gazeta.ru/sport/,–ì–∞–∑–µ—Ç–∞.Ru: –°–ø–æ—Ä—Ç,178196,88
apteka.ru,apteka.ru/,Apteka.RU - —Å–µ—Ä—Ç–∏—Ñ–∏—Ü–∏—Ä–æ–≤–∞–Ω–Ω—ã–µ –ª–µ–∫–∞—Ä—Å—Ç–≤–∞ –ø–æ –Ω–∏–∑–∫–∏–º —Ü–µ–Ω–∞–º,175687,96
news.ru,news.ru/,–ù–æ–≤–æ—Å—Ç–Ω–æ–π –ø–æ—Ä—Ç–∞–ª ‚îÄ NEWS.ru,168998,91
banki.ru,www.banki.ru/,"–ë–∞–Ω–∫–∏.—Ä—É - —Ñ–∏–Ω–∞–Ω—Å–æ–≤—ã–π —Å—É–ø–µ—Ä–º–∞—Ä–∫–µ—Ç. –í–∫–ª–∞–¥—ã, –∫—Ä–µ–¥–∏—Ç—ã, —Å—Ç—Ä–∞—Ö–æ–≤–∫–∏, –∏–Ω–≤–µ—Å—Ç–∏—Ü–∏–∏",167853,93
liveinternet.ru,www.liveinternet.ru/,LiveInternet.ru - –ª—É—á—à–∞—è —Å—Ç–∞—Ç–∏—Å—Ç–∏–∫–∞ –≤ –∏–Ω—Ç–µ—Ä–Ω–µ—Ç–µ –±–µ—Å–ø–ª–∞—Ç–Ω–æ,166015,64
5-tv.ru,www.5-tv.ru/,–ü—è—Ç—ã–π –∫–∞–Ω–∞–ª,164732,76
Superjob,www.superjob.ru/,"–†–∞–±–æ—Ç–∞, –≤–∞–∫–∞–Ω—Å–∏–∏, –ø–æ–¥–±–æ—Ä –ø–µ—Ä—Å–æ–Ω–∞–ª–∞, —Ä–µ–∑—é–º–µ, –ø–æ–∏—Å–∫ —Ä–∞–±–æ—Ç—ã - SuperJob",163948,94
fontanka.ru,fontanka.ru/,–§–æ–Ω—Ç–∞–Ω–∫–∞.–†—É - –Ω–æ–≤–æ—Å—Ç–∏ –ü–µ—Ç–µ—Ä–±—É—Ä–≥–∞,161193,90
bfm.ru,bfm.ru/,BFM.ru - –¥–µ–ª–æ–≤–æ–π –ø–æ—Ä—Ç–∞–ª,159717,87
readmanga.me,readmanga.me/,readmanga.me,154665,70
aif.ru/society,www.aif.ru/society/,–ê–ò–§ –û–±—â–µ—Å—Ç–≤–æ,153478,81
mylove,mylove.ru,MYLOVE.RU - —Å–∏—Å—Ç–µ–º–∞ —Å–∞–π—Ç–æ–≤ –∑–Ω–∞–∫–æ–º—Å—Ç–≤,149393,77
m.my.mail.ru,m.my.mail.ru/,–ú–æ–±–∏–ª—å–Ω–∞—è –≤–µ—Ä—Å–∏—è –ú–æ–µ–≥–æ –ú–∏—Ä–∞ Mail.Ru,147265,69
russian.rt.com/sport,russian.rt.com/sport/,–°–ø–æ—Ä—Ç - RT –Ω–∞ —Ä—É—Å—Å–∫–æ–º,145034,85
inosmi.ru,inosmi.ru/,–ò–Ω–æ–°–ú–ò,143813,75
3dnews.ru,www.3dnews.ru/,"3DNews - –≤—Å–µ –æ –∫–æ–º–ø—å—é—Ç–µ—Ä–∞—Ö, –∫–æ–º–ø–ª–µ–∫—Ç—É—é—â–∏—Ö, –≥–∞–¥–∂–µ—Ç–∞—Ö –∏ —Å–æ—Ñ—Ç–µ",143146,77
3dnews.ru,www.3dnews.ru/,"3DNews - –≤—Å–µ –æ –∫–æ–º–ø—å—é—Ç–µ—Ä–∞—Ö, –∫–æ–º–ø–ª–µ–∫—Ç—É—é—â–∏—Ö, –≥–∞–¥–∂–µ—Ç–∞—Ö –∏ —Å–æ—Ñ—Ç–µ",143146,77
rsport.ru,rsport.ru/,–†-–°–ø–æ—Ä—Ç. –í—Å–µ –≥–ª–∞–≤–Ω—ã–µ –Ω–æ–≤–æ—Å—Ç–∏ —Å–ø–æ—Ä—Ç–∞,141667,85
vmdaily.ru,www.vmdaily.ru/,"–í–µ—á–µ—Ä–Ω—è—è –ú–æ—Å–∫–≤–∞ - –æ—Å–Ω–æ–≤–Ω—ã–µ —Å–æ–±—ã—Ç–∏—è –¥–Ω—è, –Ω–∞—Å—Ç–æ—è—â–µ–µ –∏ –±—É–¥—É—â–µ–µ —Å—Ç–æ–ª–∏—Ü—ã.",135419,94
hsdigital/mn,hearst-shkulev-media.ru,Men's Network hearst-shkulev-media.ru,134804,78
zr.ru,www.zr.ru/,–ñ—É—Ä–Ω–∞–ª &quot;–ó–∞ —Ä—É–ª–µ–º&quot;. –ê–≤—Ç–æ–º–æ–±–∏–ª–∏ –≤ –†–æ—Å—Å–∏–∏,133139,85
rutracker.org,rutracker.org/,rutracker.org - –Ω–∞—Ü–∏–æ–Ω–∞–ª—å–Ω—ã–π –±–∏—Ç—Ç–æ—Ä—Ä–µ–Ω—Ç —Ç—Ä–µ–∫–µ—Ä,132994,37
gazeta.ru/business,www.gazeta.ru/business/,–ì–∞–∑–µ—Ç–∞.Ru: –ë–∏–∑–Ω–µ—Å,131633,87
360tv,360tv.ru,–¢–µ–ª–µ–∫–∞–Ω–∞–ª 360¬∞,131348,91
topwar.ru,topwar.ru/,–í–æ–µ–Ω–Ω–æ–µ –æ–±–æ–∑—Ä–µ–Ω–∏–µ,129722,74
russia.tv,www.russia.tv/,–¢–µ–ª–µ–∫–∞–Ω–∞–ª &quot;–†–û–°–°–ò–Ø&quot;. –í–∏–¥–µ–æ –æ–Ω–ª–∞–π–Ω,127068,69
tourister,tourister.ru,–¢—É—Ä–∏—Å—Ç–µ—Ä.–†—É,126246,80
elle.ru,www.elle.ru/,"Elle.ru ‚Äì —Å–∞–π—Ç ‚Ññ1 –æ –º–æ–¥–µ, –∫—Ä–∞—Å–æ—Ç–µ –∏ —Å—Ç–∏–ª–µ –∂–∏–∑–Ω–∏",125890,71
filmets.net,filmets.net/,FILMETS,125804,55
360tv.ru,www.360tv.ru/,–¢–µ–ª–µ–∫–∞–Ω–∞–ª 360¬∞ (TV),125037,91
domofond.ru,www.domofond.ru/,Domofond.ru - –ù–∞–π–¥–∏—Ç–µ —Å–≤–æ–µ –∏–¥–µ–∞–ª—å–Ω–æ–µ –∂–∏–ª—å–µ,124927,94
astromeridian.ru,astromeridian.ru/,"AstroMeridian.Ru - –∂—É—Ä–Ω–∞–ª –æ –ø—Å–∏—Ö–æ–ª–æ–≥–∏–∏, –∞—Å—Ç—Ä–æ–ª–æ–≥–∏–∏ –∏ –∑–¥–æ—Ä–æ–≤—å–µ",124349,61
psychologies.ru,psychologies.ru/,–û—Ñ–∏—Ü–∏–∞–ª—å–Ω—ã–π —Å–∞–π—Ç –∂—É—Ä–Ω–∞–ª–∞ Psychologies,122168,75
tk_m24,www.m24.ru/,–°–µ—Ç–µ–≤–æ–µ –∏–∑–¥–∞–Ω–∏–µ M24.ru,120895,83
rusprofile.ru,www.rusprofile.ru/,Rusprofile.ru - –±–µ—Å–ø–ª–∞—Ç–Ω–∞—è –ø—Ä–æ–≤–µ—Ä–∫–∞ –∫–æ–Ω—Ç—Ä–∞–≥–µ–Ω—Ç–∞,119582,92
hsdigital/rn/forum,–ù–ì–°.–§–û–†–£–ú,Hearst Shkulev Digital ‚Äî –§–û–†–£–ú–´,119317,83
gazeta.ru/culture,www.gazeta.ru/culture/,–ì–∞–∑–µ—Ç–∞.Ru: –ö—É–ª—å—Ç—É—Ä–∞,117492,79
rueconomy.ru,rueconomy.ru/,–≠–∫–æ–Ω–æ–º–∏–∫–∞ –°–µ–≥–æ–¥–Ω—è,116197,74
hsdigital/rn/rabota,rabota.ngs.ru,–ó–∞—Ä–ø–ª–∞—Ç–∞.—Ä—É ‚Äî Hearst Shkulev Digital,115995,98
womanhit.ru,www.womanhit.ru/,WomanHIT.ru - –≤—Å–µ –Ω–æ–≤–æ—Å—Ç–∏ —à–æ—É-–±–∏–∑–Ω–µ—Å–∞,114163,86
travelask.ru,travelask.ru/,"TravelAsk - –∂—É—Ä–Ω–∞–ª –æ –ø—É—Ç–µ—à–µ—Å—Ç–≤–∏—è—Ö, –ø—É—Ç–µ–≤–æ–¥–∏—Ç–µ–ª—å, –≤–æ–ø—Ä–æ—Å—ã –∏ –æ—Ç–≤–µ—Ç—ã",114074,75
tophotels.ru,www.tophotels.ru/,Tophotels - —Ä–µ–π—Ç–∏–Ω–≥ –æ—Ç–µ–ª–µ–π –º–∏—Ä–∞,113073,78
Trashbox,trashbox.ru,Trashbox.ru ‚Äî –º–æ–±–∏–ª—å–Ω—ã–π –ø–æ—Ä—Ç–∞–ª –Ω–æ–≤–æ–≥–æ –ø–æ–∫–æ–ª–µ–Ω–∏—è,112509,55
tabor.ru,www.tabor.ru/,Tabor.ru - –°–∞–π—Ç –∑–Ω–∞–∫–æ–º—Å—Ç–≤ –Ω–æ–≤–æ–≥–æ –ø–æ–∫–æ–ª–µ–Ω–∏—è!,110997,43
1Mediainvest,1mediainvest.ru/,1Mediainvest - —Ñ–µ–¥–µ—Ä–∞–ª—å–Ω—ã–π –º–µ–¥–∏–∞—Ö–æ–ª–¥–∏–Ω–≥,110959,86
maam.ru,www.maam.ru/,–ú–µ–∂–¥—É–Ω–∞—Ä–æ–¥–Ω—ã–π –æ–±—Ä–∞–∑–æ–≤–∞—Ç–µ–ª—å–Ω—ã–π –ø–æ—Ä—Ç–∞–ª –ú–ê–ê–ú,107322,85
ruposters.ru,ruposters.ru/,–†—É–ø–æ—Å—Ç–µ—Ä—Å,106920,84
politexpert.net,politexpert.net/,–ü–æ–ª–∏—Ç–≠–∫—Å–ø–µ—Ä—Ç - –û–±—â–µ—Å—Ç–≤–µ–Ω–Ω—ã–π –ø–æ–ª–∏—Ç–∏—á–µ—Å–∫–∏–π –∂—É—Ä–Ω–∞–ª,106456,75
azbyka.ru,azbyka.ru/,&quot;–ê–ó–ë–£–ö–ê –í–ï–†–´&quot; - –ø—Ä–∞–≤–æ—Å–ª–∞–≤–Ω—ã–π  –ø–æ—Ä—Ç–∞–ª,105664,71
razlozhi.ru,razlozhi.ru/,"–ö–∞—Ä—Ç–æ—á–Ω—ã–µ –∏–≥—Ä—ã –æ–Ω–ª–∞–π–Ω, –ø–∞—Å—å—è–Ω—Å—ã, –∏–≥—Ä—ã —Å –¥—Ä—É–≥–∏–º–∏ –∏–≥—Ä–æ–∫–∞–º–∏.",105404,70
sport24.ru,sport24.ru/,Sport24,105278,86
novate.ru,www.novate.ru/,"–õ—É—á—à–∏–µ –∏–Ω–Ω–æ–≤–∞—Ü–∏–∏ —Å–æ –≤—Å–µ–≥–æ –º–∏—Ä–∞, —Å—Ç—Ä–æ–≥–∏–π –æ—Ç–±–æ—Ä!",105110,70
action,www.glavbukh.ru/,"&lt;–ê–∫—Ç–∏–æ–Ω-–ú–¶–§–≠–†&gt; ‚Äî –∏–∑–¥–∞–Ω–∏—è –¥–ª—è –¥–∏—Ä–µ–∫—Ç–æ—Ä–æ–≤, —Ä—É–∫–æ–≤–æ–¥–∏—Ç–µ–ª–µ–π, –≥–ª–∞–≤–±—É—Ö–æ–≤",104779,81
lostfilm.tv,www.lostfilm.tv/,LostFilm.TV - –ª—É—á—à–∏–µ –º–∏—Ä–æ–≤—ã–µ –°–ï–†–ò–ê–õ–´ –ø–æ-—Ä—É—Å—Å–∫–∏.,104041,68
znak.com,www.znak.com/,–ò–Ω—Ç–µ—Ä–Ω–µ—Ç-–≥–∞–∑–µ—Ç–∞ ZNAK.COM,102762,91
Hab/all,dvhab.ru,–°–∞–π—Ç –•–∞–±–∞—Ä–æ–≤—Å–∫–∞,102125,96
eurosport.ru,www.eurosport.ru/,Eurosport.ru,100970,52
Nevnov,nevnov.ru,–ù–µ–≤—Å–∫–∏–µ –ù–æ–≤–æ—Å—Ç–∏,99936,96
hsdigital/mn/maximonline,maximonline.ru,MAXIM Online,99689,79
zvezdaweekly.ru,zvezdaweekly.ru/,"–ó–í–ï–ó–î–ê, –µ–∂–µ–Ω–µ–¥–µ–ª—å–Ω–∏–∫ | –≠–∫—Å–ø–µ—Ä—Ç–Ω–æ–µ –º–Ω–µ–Ω–∏–µ –∏ –∞–Ω–∞–ª–∏—Ç–∏–∫–∞",99687,78
mp3goo.ru,mp3goo.ru/,MP3GOO | –ë–µ—Å–ø–ª–∞—Ç–Ω–æ –°–∫–∞—á–∞—Ç—å mp3 –∏ –°–ª—É—à–∞—Ç—å –û–Ω–ª–∞–π–Ω,99190,82
gastronom.ru,www.gastronom.ru/,–ö—É–ª–∏–Ω–∞—Ä–Ω—ã–π –ø–æ—Ä—Ç–∞–ª &quot;–ì–ê–°–¢–†–û–ù–û–ú&quot;,98643,68
kinoly.ru,kinoly.ru/,Kinoly.ru - –∫–∏–Ω–æ –≤ —Ö–æ—Ä–æ—à–µ–º –∫–∞—á–µ—Å—Ç–≤–µ,98355,82
nnru,nn.ru,–ù–∏–∂–Ω–∏–π –ù–æ–≤–≥–æ—Ä–æ–¥ On-Line - NN.RU. –†–µ–∫–ª–∞–º–∞ —É –Ω–∞—Å —Ä–∞–±–æ—Ç–∞–µ—Ç!,97058,88
tnt-online,tnt-online.ru,–¢–ù–¢-Online - –°–º–æ—Ç—Ä–∏ –≤—Å–µ —Å–µ—Ä–∏–∞–ª—ã –¢–ù–¢ –æ–Ω–ª–∞–π–Ω,95235,81
aif.ru/health,www.aif.ru/health/,–ê–ò–§ –ó–¥–æ—Ä–æ–≤—å–µ,94676,59
film.ru,www.film.ru/,–§–ò–õ–¨–ú.–†–£: –Ω–∞—Ü–∏–æ–Ω–∞–ª—å–Ω—ã–π –∫–∏–Ω–æ–ø–æ—Ä—Ç–∞–ª,93835,67
WPMediaWomenGroup,wp-media.ru/women/,WP Media Women Group,93758,67
ontvtime.ru,www.ontvtime.ru/,OnTVtime.ru | –û–Ω–ª–∞–π–Ω –¢–í | –ü—Ä—è–º–æ–π —ç—Ñ–∏—Ä + –ê—Ä—Ö–∏–≤—ã | –û–Ω–ª–∞–π–Ω —Ç–µ–ª–µ–≤–∏–¥–µ–Ω–∏–µ,92963,54
livelib.ru,www.livelib.ru/,LiveLib ‚Äî —Å–æ—Ü–∏–∞–ª—å–Ω–∞—è —Å–µ—Ç—å —á–∏—Ç–∞—Ç–µ–ª–µ–π –∫–Ω–∏–≥,92860,70
medaboutme.ru,medaboutme.ru/,Medaboutme (–º–µ–¥–∏—Ü–∏–Ω–∞ –æ–±–æ –º–Ω–µ) - –∏–Ω—Ñ–æ—Ä–º–∞—Ü–∏–æ–Ω–Ω–∞—è –º–µ–¥–∏—Ü–∏–Ω—Å–∫–∞—è —Å–∏—Å—Ç–µ–º–∞,92828,68
avtovzglyad.ru,www.avtovzglyad.ru/,–ê–≤—Ç–æ–í–∑–≥–ª—è–¥ - –∞–≤—Ç–æ –Ω–æ–≤–æ—Å—Ç–∏,92294,89
news-r.ru,news-r.ru/,–†–µ–≥–∏–æ–Ω online news-r.ru,91364,97
svoboda.org,svoboda.org/,–†–∞–¥–∏–æ –°–≤–æ–±–æ–¥–∞,91244,63
tonkosti.ru,tonkosti.ru/,–¢–æ–Ω–∫–æ—Å—Ç–∏ —Ç—É—Ä–∏–∑–º–∞,90995,72
xn--41a-ws,—è.ws,—è.ws,89411,32
miss-tramell.livejournal.com,miss-tramell.livejournal.com/,–õ–µ–Ω–∞ –ú–∏—Ä–æ,87591,77
SpraBliz,blizko.ru,–°–µ—Ç—å –≥–æ—Ä–æ–¥—Å–∫–∏—Ö –ø–æ—Ä—Ç–∞–ª–æ–≤ –ø–æ–∫—É–ø–∞—Ç–µ–ª—è BLIZKO.ru,86894,94
gotovim-doma.ru,gotovim-doma.ru/,–ì–æ—Ç–æ–≤–∏–º –¥–æ–º–∞ - –ø—Ä–æ—Å—Ç—ã–µ –∫—É–ª–∏–Ω–∞—Ä–Ω—ã–µ —Ä–µ—Ü–µ–ø—Ç—ã —Å —Ñ–æ—Ç–æ–≥—Ä–∞—Ñ–∏—è–º–∏,86731,61
220-volt.ru,www.220-volt.ru/,220 –í–æ–ª—å—Ç - –∏–Ω—Ç–µ—Ä–Ω–µ—Ç-–º–∞–≥–∞–∑–∏–Ω —ç–ª–µ–∫—Ç—Ä–æ –∏ –±–µ–Ω–∑–æ–∏–Ω—Å—Ç—Ä—É–º–µ–Ω—Ç–∞,86632,94
topcor.ru,topcor.ru/,–†–µ–ø–æ—Ä—Ç—ë—Ä,85612,83
minigames.mail.ru,minigames.mail.ru/,–ú–∏–Ω–∏-–∏–≥—Ä—ã Mail.Ru - –∫–∞—Ä—Ç–æ—á–Ω—ã–µ –∏ –Ω–∞—Å—Ç–æ–ª—å–Ω—ã–µ –∏–≥—Ä—ã –æ–Ω–ª–∞–π–Ω —Å –¥—Ä—É–∑—å—è–º–∏!,84948,68
li.ru,www.li.ru/,–ú–æ–±–∏–ª—å–Ω–∞—è –≤–µ—Ä—Å–∏—è –ø–æ—Ä—Ç–∞–ª–∞ LiveInternet.ru,84489,71
medio,medio.pro,Medio: –ø–æ–ª–µ–∑–Ω—ã–µ —Å–∞–π—Ç—ã –¥–ª—è –≤—Å–µ–π —Å–µ–º—å–∏,83642,71
gazeta.ru/politics,www.gazeta.ru/politics/,–ì–∞–∑–µ—Ç–∞.Ru: –ü–æ–ª–∏—Ç–∏–∫–∞,83319,80
Anidub,anidub.com,–ü—Ä–æ–µ–∫—Ç –ê–Ω–∏–¥–∞–±,83294,77
cyrillitsa.ru,www.cyrillitsa.ru/,–ü–æ—Ä—Ç–∞–ª –ö–∏—Ä–∏–ª–ª–∏—Ü–∞,82598,92
m.love.mail.ru,m.love.mail.ru/,m.love.mail.ru,82421,70
mediametrics.ru,mediametrics.ru/,–ú–µ–¥–∏–∞–º–µ—Ç—Ä–∏–∫—Å - —Å–≤–µ–∂–∏–µ –∫–æ—Ç–∏—Ä–æ–≤–∫–∏ –Ω–æ–≤–æ—Å—Ç–µ–π,81859,68
ilibrary.ru,ilibrary.ru/,–ò–ù–¢–ï–†–ù–ï–¢-–ë–ò–ë–õ–ò–û–¢–ï–ö–ê  iLibrary.ru,81660,83
rosbalt.ru,www.rosbalt.ru/,–†–æ—Å–±–∞–ª—Ç - –∏–Ω—Ñ–æ—Ä–º–∞—Ü–∏–æ–Ω–Ω–æ–µ –∞–≥–µ–Ω—Ç—Å—Ç–≤–æ,81147,82
stihi.ru,www.stihi.ru/,–°—Ç–∏—Ö–∏.—Ä—É - –Ω–∞—Ü–∏–æ–Ω–∞–ª—å–Ω—ã–π —Å–µ—Ä–≤–µ—Ä —Å–æ–≤—Ä–µ–º–µ–Ω–Ω–æ–π –ø–æ—ç–∑–∏–∏,80643,72
vazhno.ru,www.vazhno.ru/,–í–ê–ñ–ù–û.RU: –û—á–µ–Ω—å –≤–∞–∂–Ω—ã–µ –Ω–æ–≤–æ—Å—Ç–∏,80533,74
vedomosti.ru,vedomosti.ru/,–í–µ–¥–æ–º–æ—Å—Ç–∏ - –µ–∂–µ–¥–Ω–µ–≤–Ω–∞—è –¥–µ–ª–æ–≤–∞—è –≥–∞–∑–µ—Ç–∞,80096,74
ngs24,ngs24.ru,–ù–µ–∑–∞–≤–∏—Å–∏–º—ã–π –ì–æ—Ä–æ–¥—Å–∫–æ–π –°–∞–π—Ç –ö—Ä–∞—Å–Ω–æ—è—Ä—Å–∫–∞,80080,96
fssprus,www.fssprus.ru,–§–µ–¥–µ—Ä–∞–ª—å–Ω–∞—è —Å–ª—É–∂–±–∞ —Å—É–¥–µ–±–Ω—ã—Ö –ø—Ä–∏—Å—Ç–∞–≤–æ–≤,79886,97
snob.ru,snob.ru/,snob.ru,79665,76
iphones.ru,www.iphones.ru/,iPhone,79373,71
moscatalogue.net,www.moscatalogue.net/,MosCatalogue.net - –ø–æ–ø—É–ª—è—Ä–Ω–æ–µ –≤–∏–¥–µ–æ,78638,78
vl.ru,vl.ru/,–°–∞–π—Ç –í–ª–∞–¥–∏–≤–æ—Å—Ç–æ–∫–∞,78494,96
sinoptik.com.ru,sinoptik.com.ru/,SINOPTIK.com.ru,78165,69
videotop.pro,videotop.pro/,–õ—É—á—à–∏–µ –≤–∏–¥–µ–æ –∏–Ω—Ç–µ—Ä–Ω–µ—Ç–∞,77055,80
hsdigital/rn/smi/24,news.ngs24.ru/,NGS24.RU - –≥–ª–∞–≤–Ω—ã–µ –Ω–æ–≤–æ—Å—Ç–∏ –ö—Ä–∞—Å–Ω–æ—è—Ä—Å–∫–∞. Hearst Shkulev Digital,76670,96
vladtime.ru,www.vladtime.ru/,–í–ª–∞–¥–¢–∞–π–º - –∏–Ω—Ñ–æ—Ä–º–∞—Ü–∏–æ–Ω–Ω–æ–µ –∞–≥–µ–Ω—Ç—Å—Ç–≤–æ,76576,89
TrudcomAll,trud.com,Trud.com - –ü–æ–∏—Å–∫ –†–∞–±–æ—Ç—ã –ø–æ –í—Å–µ–π –†–æ—Å—Å–∏–∏,76356,94
sovsport.ru,www.sovsport.ru/,–°–æ–≤–µ—Ç—Å–∫–∏–π —Å–ø–æ—Ä—Ç,75658,83
PusCen,pulscen.ru/,–¢–æ—Ä–≥–æ–≤–∞—è –ø–ª–æ—â–∞–¥–∫–∞ –ü—É–ª—å—Å —Ü–µ–Ω,75525,78
Ridus,www.ridus.ru,–†–∏–¥—É—Å,75468,87
katun24.ru,katun24.ru/,–¢–µ–ª–µ–≤–∏–¥–µ–Ω–∏–µ –ê–ª—Ç–∞–π—Å–∫–æ–≥–æ –∫—Ä–∞—è ¬´–ö–∞—Ç—É–Ω—å 24¬ª,75014,95
topnews.ru,www.topnews.ru/,"TopNews: –°–∞–º—ã–µ –∑–Ω–∞–º–µ–Ω–∏—Ç—ã–µ –º–∏–ª–ª–∏–æ–Ω–µ—Ä—ã, &quot;–ø—Ä–æ–≥–Ω—É–≤—à–∏–µ&quot; –ò–Ω—Å—Ç–∞–≥—Ä–∞–º (–§–û–¢–û)",74623,67
primpress.ru,primpress.ru/,PRIMPRESS.RU - –ù–æ–≤–æ—Å—Ç–∏ –í–ª–∞–¥–∏–≤–æ—Å—Ç–æ–∫–∞ –∏ –ü—Ä–∏–º–æ—Ä—Å–∫–æ–≥–æ –∫—Ä–∞—è,74216,97
kleo.ru,www.kleo.ru/,–ö–ª–µ–æ - –º–æ–¥–Ω—ã–π –∂–µ–Ω—Å–∫–∏–π –∂—É—Ä–Ω–∞–ª,73736,71
postila,postila.ru,Postila.ru üéà –õ—É—á—à–∏–µ –∏–¥–µ–∏. –ò–∑ –†–æ—Å—Å–∏–∏ —Å –ª—é–±–æ–≤—å—é,73509,52
Russian_Spring,rusvesna.su,–†—É—Å—Å–∫–∞—è –í–µ—Å–Ω–∞,73306,37
irr,www.irr.ru/,"–ò–∑ —Ä—É–∫ –≤ —Ä—É–∫–∏ - –±–µ—Å–ø–ª–∞—Ç–Ω—ã–µ –æ–±—ä—è–≤–ª–µ–Ω–∏—è –∞–≤—Ç–æ, –Ω–µ–¥–≤–∏–∂–∏–º–æ—Å—Ç—å, —Ä–∞–±–æ—Ç–∞",72622,93
studopedia.ru,studopedia.ru/,–°—Ç—É–¥–æ–ø–µ–¥–∏—è ‚Äî –í–∞—à–∞ —à–∫–æ–ª–æ–ø–µ–¥–∏—è,71882,83
business-gazeta.ru,www.business-gazeta.ru/,–ë–ò–ó–ù–ï–° –û–ù–õ–ê–ô–ù - –î–µ–ª–æ–≤—ã–µ –Ω–æ–≤–æ—Å—Ç–∏ –ö–∞–∑–∞–Ω–∏ –∏ –¢–∞—Ç–∞—Ä—Å—Ç–∞–Ω–∞,71745,93
koolinar.ru,koolinar.ru/,"Koolinar - –∫–ª—É–± –∫—É–ª–∏–Ω–∞—Ä–æ–≤. –í—Å–µ –∫—É–ª–∏–Ω–∞—Ä–Ω—ã–µ —Ä–µ—Ü–µ–ø—Ç—ã –±–ª—é–¥: —Å—É–ø–æ–≤, –∑–∞–∫—É—Å–æ–∫, –¥–µ—Å–µ—Ä—Ç–æ–≤",71056,62
stopgame.ru,stopgame.ru/,"StopGame - –∫–æ–º–ø—å—é—Ç–µ—Ä–Ω—ã–µ –∏–≥—Ä—ã, –Ω–æ–≤–æ—Å—Ç–∏, –æ–±–∑–æ—Ä—ã, –∫–æ–¥—ã –∏ –ø—Ä–æ—Ö–æ–∂–¥–µ–Ω–∏—è, —Å–æ–≤–µ—Ç—ã.",70740,73
flamp,flamp.ru,–§–ª–∞–º–ø - –æ—Ç–∑—ã–≤—ã –æ –∫–æ–º–ø–∞–Ω–∏—è—Ö –∏ –º–µ—Å—Ç–∞—Ö –≤–∞—à–µ–≥–æ –≥–æ—Ä–æ–¥–∞.,70732,98
fast-torrent.ru,www.fast-torrent.ru/,"–í—ã–±–∏—Ä–∞–π –∏–∑ 50 000 —Ñ–∏–ª—å–º–æ–≤ –∏ —Å–µ—Ä–∏–∞–ª–æ–≤! –°–º–æ—Ç—Ä–∏ –æ–Ω–ª–∞–π–Ω, –ö–∞—á–∞–π –±–µ—Å–ø–ª–∞—Ç–Ω–æ!",70396,69
kulturologia.ru,www.kulturologia.ru/,–ö—É–ª—å—Ç—É—Ä–æ–ª–æ–≥–∏—è.–†–§,69847,75
cyberleninka.ru,cyberleninka.ru/,–ù–∞—É—á–Ω–∞—è —ç–ª–µ–∫—Ç—Ä–æ–Ω–Ω–∞—è –±–∏–±–ª–∏–æ—Ç–µ–∫–∞ –ö–∏–±–µ—Ä–õ–µ–Ω–∏–Ω–∫–∞ - –æ—Ç–∫—Ä—ã—Ç–∞—è –Ω–∞—É–∫–∞,69247,73
amdm.ru,www.amdm.ru/,"AmDm.ru - –ø–æ—Ä—Ç–∞–ª –¥–ª—è –º—É–∑—ã–∫–∞–Ω—Ç–æ–≤ | –∞–∫–∫–æ—Ä–¥—ã, —Ç–∞–±—É–ª–∞—Ç—É—Ä—ã, gtp, mp3 –ø–µ—Å–µ–Ω, –ø—Ä–æ–≥—Ä–∞–º–º—ã",69213,78
101.ru,www.101.ru/,101.ru - –ü—Ä–æ—Ñ–µ—Å—Å–∏–æ–Ω–∞–ª—å–Ω–æ–µ –∏–Ω—Ç–µ—Ä–Ω–µ—Ç-—Ä–∞–¥–∏–æ. 101 —Ä–∞–¥–∏–æ-–∫–∞–Ω–∞–ª –Ω–∞ –ª—é–±–æ–π –≤–∫—É—Å.,68971,69
kp/kpall/reg/kpufa,ufa.kp.ru,&quot;–ö–æ–º—Å–æ–º–æ–ª—å—Å–∫–∞—è –ø—Ä–∞–≤–¥–∞&quot; –£—Ñ–∞,68897,96
stranamam,www.stranamam.ru/,–°—Ç—Ä–∞–Ω–∞ –º–∞–º,68765,67
NewsDroup,ekb-on-air.ru/,"–ì—Ä—É–ø–ø–∞ —Å–∞–π—Ç–æ–≤ –Ω–æ–≤–æ—Å—Ç–µ–π: –£—Ñ–∞, –ü–µ—Ä–º—å, –û–º—Å–∫, –°.-–ü–µ—Ç–µ—Ä–±—É—Ä–≥, –ï–∫–∞—Ç–µ—Ä–∏–Ω–±—É—Ä–≥",68353,95
tvc.ru,www.tvc.ru/,–¢–í –¶–µ–Ω—Ç—Ä,68112,84
schlock.ru,www.schlock.ru/,–®–ª–æ–∫ - –Ω–æ–≤–æ—Å—Ç–∏ –∏ —Å–ª—É—Ö–∏ –¥–æ–º 2,68071,79
u-mama.ru,u-mama.ru/,U-mama.ru - —Å–∞–π—Ç –¥–ª—è –Ω–∞—Å—Ç–æ—è—â–∏—Ö –∏ –±—É–¥—É—â–∏—Ö —Ä–æ–¥–∏—Ç–µ–ª–µ–π,67934,79
karate.ru,karate.ru/,Karate.ru - –ø–æ—Ä—Ç–∞–ª –æ –∫–∞—Ä–∞—Ç—ç –∏ –µ–¥–∏–Ω–æ–±–æ—Ä—Å—Ç–≤–∞—Ö,66608,78
msk.riafan.ru,msk.riafan.ru/,–§–ê–ù - –ú–æ—Å–∫–≤–∞,66212,75
tvrain.ru,www.tvrain.ru/,–¢–µ–ª–µ–∫–∞–Ω–∞–ª –î–û–ñ–î–¨,65802,74
1001goroskop.ru,1001goroskop.ru/,*1001 –ì–û–†–û–°–ö–û–ü* –æ—Ç –≤–µ–¥—É—â–∏—Ö –∞—Å—Ç—Ä–æ–ª–æ–≥–æ–≤,65751,65
forumhouse.ru,www.forumhouse.ru/,FORUMHOUSE ‚Äì —Å–∞–º—ã–π –ø–æ–ø—É–ª—è—Ä–Ω—ã–π –∏ –∞–≤—Ç–æ—Ä–∏—Ç–µ—Ç–Ω—ã–π –ø–æ—Ä—Ç–∞–ª –æ —Å—Ç—Ä–æ–∏—Ç–µ–ª—å—Å—Ç–≤–µ –≤ –†–æ—Å—Å–∏–∏,65391,85
ezomediagroup,ezomediagroup.ru/,¬´–≠–∑–æ—Ç–µ—Ä–∏–∫–∞ –ú–µ–¥–∏–∞ –ì—Ä—É–ø–ø¬ª ‚Äî –∫—Ä—É–ø–Ω–µ–π—à–∞—è —Å–µ—Ç—å —ç–∑–æ—Ç–µ—Ä–∏—á–µ—Å–∫–∏—Ö —Å–∞–π—Ç–æ–≤,65239,54
joblab.ru,joblab.ru/,"JobLab.ru - –†–∞–±–æ—Ç–∞ –≤ –†–æ—Å—Å–∏–∏, –≤–∞–∫–∞–Ω—Å–∏–∏ –∏ —Ä–µ–∑—é–º–µ",65173,97
poncy-ru,poncy.ru,Poncy.ru / –û–Ω–ª–∞–π–Ω - –ü—Ä–∏–ª–æ–∂–µ–Ω–∏—è,64471,66
Move,move.su,–ü–æ–∏—Å–∫–æ–≤–∞—è —Å–∏—Å—Ç–µ–º–∞ –Ω–µ–¥–≤–∏–∂–∏–º–æ—Å—Ç–∏ Move.Ru,64284,94
utro.ru,utro.ru/,–£—Ç—Ä–æ.—Ä—É ‚Äì –∏–Ω—Ç–µ—Ä–Ω–µ—Ç-–≥–∞–∑–µ—Ç–∞,63222,50
zelv.ru,zelv.ru/,–ù–æ–≤–æ—Å—Ç–∏ –†–æ—Å—Å–∏–∏ –∏ –º–∏—Ä–∞ –Ω–∞ Zelv.ru,62072,69
sakhalin.info,www.sakhalin.info/,Sakhalin.info. –ù–æ–≤–æ—Å—Ç–∏ –°–∞—Ö–∞–ª–∏–Ω–∞ –∏ –ö—É—Ä–∏–ª,61968,96
headinsider.net,headinsider.net/,HeadInsider,61887,77
amicru,amic.ru,–ò–Ω—Ñ–æ—Ä–º–∞—Ü–∏–æ–Ω–Ω–æ–µ –∞–≥–µ–Ω—Ç—Å—Ç–≤–æ –ê–º–∏—Ç–µ–ª,61624,93
hsdigital/rn/realty,realty.ngs.ru,N1.RU ‚Äî –ù–ï–î–í–ò–ñ–ò–ú–û–°–¢–¨ / Hearst Shkulev Digital (E1+NGS+74+N1),61545,97
7dach.ru,www.7dach.ru/,–ö–ª—É–± –ª—é–±–∏—Ç–µ–ª–µ–π –¥–∞—á–∏,61455,73
Expertcen,expertcen.ru,¬´–≠–∫—Å–ø–µ—Ä—Ç –¶–µ–Ω ‚Ññ1¬ª ‚Äî —Ä–µ–π—Ç–∏–Ω–≥–æ–≤—ã–µ –æ—Ü–µ–Ω–∫–∏ —Ç–æ–≤–∞—Ä–æ–≤ –∏ —É—Å–ª—É–≥,61153,82
argumenti.ru,argumenti.ru/,–ì–∞–∑–µ—Ç–∞ –ê—Ä–≥—É–º–µ–Ω—Ç—ã –Ω–µ–¥–µ–ª–∏,60848,78
100sp.ru,www.100sp.ru/,–°–æ–≤–º–µ—Å—Ç–Ω—ã–µ –ø–æ–∫—É–ø–∫–∏,60256,97
pda.nn.ru,pda.nn.ru/,–ú–æ–±–∏–ª—å–Ω–∞—è –≤–µ—Ä—Å–∏—è —Å–∞–π—Ç–∞ –ù–∏–∂–Ω–∏–π –ù–æ–≤–≥–æ—Ä–æ–¥ –û–Ω-–õ–∞–π–Ω,60088,85
kinosave.ru,kinosave.ru/,–û–Ω–ª–∞–π–Ω –∫–∏–Ω–æ—Ç–µ–∞—Ç—Ä KinoSave.ru,60049,76
olympteka.ru,olympteka.ru/,"–û–ª–∏–º–ø—Ç–µ–∫–∞: –æ–ª–∏–º–ø–∏–π—Å–∫–∞—è —ç–Ω—Ü–∏–∫–ª–æ–ø–µ–¥–∏—è, –Ω–æ–≤–æ—Å—Ç–∏ —Å–ø–æ—Ä—Ç–∞",59461,76
ukraina.ru,ukraina.ru/,ukraina.ru,59393,32
province.ru,www.province.ru/,–ü–†–û–í–ò–ù–¶–ò–Ø.–†–£,59093,70
VgorodeN,www.vgoroden.ru/,–ò–Ω—Ñ–æ—Ä–º–∞—Ü–∏–æ–Ω–Ω–æ–µ –∞–≥–µ–Ω—Ç—Å—Ç–≤–æ ¬´–í¬†–≥–æ—Ä–æ–¥–µ¬†N¬ª,59081,97
vgoroden.ru,www.vgoroden.ru/,–ò–Ω—Ñ–æ—Ä–º–∞—Ü–∏–æ–Ω–Ω–æ–µ –∞–≥–µ–Ω—Ç—Å—Ç–≤–æ –ù–∏–∂–Ω–µ–≥–æ –ù–æ–≤–≥–æ—Ä–æ–¥–∞,58961,97
politros.com,politros.com/,–ü–æ–ª–∏—Ç–∏—á–µ—Å–∫–∞—è –†–æ—Å—Å–∏—è,58897,86
pravmir,www.pravmir.ru,–ü–†–ê–í–û–°–õ–ê–í–ò–ï –ò –ú–ò–†,58614,69
kudago.com,kudago.com/,"–ö—É–¥–∞ –ø–æ–π—Ç–∏? –ú–æ—Å–∫–≤–∞, –°–∞–Ω–∫—Ç-–ü–µ—Ç–µ—Ä–±—É—Ä–≥. KudaGo.",58541,94
autonews.ru,www.autonews.ru/,Autonews.ru: –Ω–æ–≤–æ—Å—Ç–∏ –æ–± –∞–≤—Ç–æ–º–æ–±–∏–ª—è—Ö,58531,93
deita.ru,deita.ru/,&quot;–î–µ–π—Ç–∞.RU&quot; –Ω–æ–≤–æ—Å—Ç–∏ –î–∞–ª—å–Ω–µ–≥–æ –í–æ—Å—Ç–æ–∫–∞ –†–æ—Å—Å–∏–∏,58211,82
pravmir.ru,pravmir.ru/,–ü–†–ê–í–û–°–õ–ê–í–ò–ï –ò –ú–ò–†,58120,70
medialeaks.ru,medialeaks.ru/,"MediaLeaks: –Ω–æ–≤–æ—Å—Ç–∏, —Å–æ—Ü—Å–µ—Ç–∏ –∏ —Ä–æ–∫-–Ω-—Ä–æ–ª–ª",58110,84
allwomens.ru,www.allwomens.ru/,–ñ–µ–Ω—Å–∫–∏–π –∏–Ω—Ñ–æ—Ä–º–∞—Ü–∏–æ–Ω–Ω–æ-–ø–æ–∑–Ω–∞–≤–∞—Ç–µ–ª—å–Ω—ã–π –ø–æ—Ä—Ç–∞–ª,58048,67
gazeta.ru/science,www.gazeta.ru/science/,–ì–∞–∑–µ—Ç–∞.Ru: –ù–∞—É–∫–∞,57936,85
wikivox.ru,wikivox.ru/,–ö–∞—Ä—Ç–∞ —Å–ª–æ–≤ –∏ –≤—ã—Ä–∞–∂–µ–Ω–∏–π —Ä—É—Å—Å–∫–æ–≥–æ —è–∑—ã–∫–∞,57836,74
sverhestestvennoe.me,sverhestestvennoe.me/,–°–≤–µ—Ä—Ö—ä–µ—Å—Ç–µ—Å—Ç–≤–µ–Ω–Ω–æ–µ,57773,72
mens-network,www.mhealth.ru,"Independent Men's Network: Esquire.ru, Popmech.ru, MHealth.ru, Nat-Geo.ru –∏ –¥—Ä",57708,72
