"СЕБРАНТ: КОГО ВОЗЬМУТ В БУДУЩЕЕ? Образование, искусственный интеллект и дальнобойщики - Продолжительность: 53 минуты",/watch?v=wHZhR6z8sNc
"Игловиков: ВДВ, Kaggle, жизнь и зарплаты в Калифорнии, наука и менторство - Продолжительность: 45 минут",/watch?v=TF_YCnIdFoc
"Привычка и образ жизни: инструкция по применению | КАТЕРИНА АКУЛИЧ, HABITLAB - Продолжительность: 53 минуты",/watch?v=QD5LHGu0EJo
LIVE: карьера в data science и бизнес-аналитике. Отвечаю на накопившиеся вопросы | #OfficeHours #9 - Продолжительность: 1 час 44 минуты,/watch?v=7TM60BTbzpo
"Из бизнеса в космос | Константин Борисов, Отряд космонавтов Роскосмоса - Продолжительность: 38 минут",/watch?v=XICBC8DywXQ
"Эссенциализм. Лучше меньше, но лучше | #FlessTalks - Продолжительность: 4 минуты 47 секунд",/watch?v=917WxgUXQgQ
Итоги первого семестра и планы на второй | ШАД Яндекса - Продолжительность: 5 минут 38 секунд,/watch?v=VCd0B2x9PXw
Подготовка к GMAT: Неделя до экзамена |  #FlessTalks - Продолжительность: 4 минуты 40 секунд,/watch?v=qfJfPpliwRs
Наши цели и ваши отзывы | #FlessTalks - Продолжительность: 2 минуты 31 секунда,/watch?v=ETMjpxmqagk
"Стрим Q&A: Стас Федотов, куратор Школы анализа данных Яндекса | #OfficeHours #8 - Продолжительность: 44 минуты",/watch?v=EYlIe0ryabE
Менеджер: управлять собой и другими | #OfficeHours #7 - Продолжительность: 1 час 7 минут,/watch?v=WIZ8pJ9QpSg
Кейс: Слияние банков  | СТАТЬ КОНСУЛЬТАНТОМ - Продолжительность: 57 минут,/watch?v=ktvTDVA5dRc
#FlessTalks: Бизнесмен или пропал - Продолжительность: 7 минут 14 секунд,/watch?v=zCoPsqNk7Q0
#FLESSTALKS: С НОВЫМ ГОДОМ!!! - Продолжительность: 75 секунд,/watch?v=xUGLvrqNaaA
"[English] Careers in Consulting, Private Equity, Venture Capital | #OfficeHours #6 - Продолжительность: 49 минут",/watch?v=UpnzuZgwswQ
#FlessTalks: #МамкинБизнесмен - Продолжительность: 3 минуты 58 секунд,/watch?v=MhirzmprO2M
Wharton MBA Coffee Chat Q&A: Vasily Chernoplekov | #OfficeHours #5 - Продолжительность: 1 час 12 минут,/watch?v=pVO6Vqpz5wI
#FlessTalks ФОКУС: КАК ВСЕ УСПЕТЬ. Секреты тайм-менеджмента Баффетта - Продолжительность: 4 минуты 45 секунд,/watch?v=Yy_SfKhkvlk
Кейс: Скоростные поезда| СТАТЬ КОНСУЛЬТАНТОМ - Продолжительность: 49 минут,/watch?v=jjwJ0KAd-tQ
Чему и как учиться | #OfficeHours #4 - Продолжительность: 3 часа 13 минут,/watch?v=tlV_unklvZo
#FlessAlumni #4: MBA Workshop with Thomas Hulbert - Продолжительность: 1 час 42 минуты,/watch?v=O-HC_fozXQs
#FLESSTALKS: ОТНОШЕНИЯ С ЛЮДЬМИ (RQ) | 10 навыков бизнес-аналитика - Продолжительность: 11 минут,/watch?v=Rppi3rKsJTM
Бизнес-мышление для кейс-интервью | Business Judgement - Продолжительность: 2 минуты 14 секунд,/watch?v=FXZCpQ-Yw2k
#FLESSTALKS: ЭМОЦИИ (EQ) | 10 навыков бизнес-аналитика - Продолжительность: 10 минут,/watch?v=pZA6C4bZgcM
#FLESSTALKS: ИНТЕЛЛЕКТ (IQ) | 10 навыков бизнес-аналитика - Продолжительность: 11 минут,/watch?v=kw6CQ3SZwk0
#FLESSTALKS: Сколько времени уходит на ШАД? Midterm Update | ШАД Яндекса - Продолжительность: 8 минут 43 секунды,/watch?v=VzFyXmdp5gw
"#FLESSTALKS: нужный балл GMAT для MBA + 2 фактора, о которых все забывают - Продолжительность: 3 минуты 13 секунд",/watch?v=n2ynKAIi7_s
Добиваем резюме и мотивационное письмо | СТАТЬ КОНСУЛЬТАНТОМ - Продолжительность: 16 минут,/watch?v=n30F7tnpm9U
#FLESSTALKS: МОЙ GMAT 770 - ДВЕ ИСТОРИИ - Продолжительность: 3 минуты 38 секунд,/watch?v=7qRAImTNVZE
"Взлеты и падения в костюмах Brioni | Игнат, Big3Russia - Продолжительность: 41 минута",/watch?v=nRO40QC7l90
Эмиграция из РФ: валить глупо оставаться - Продолжительность: 5 минут 38 секунд,/watch?v=p89xSRmdmgY
Почему на C++ еще пишут? Чем его заменят? | ШАД ЯНДЕКСА - Продолжительность: 4 минуты 6 секунд,/watch?v=zaWVL76XSME
Боль и страдания. Первый месяц | ШАД ЯНДЕКСА - Продолжительность: 4 минуты 2 секунды,/watch?v=tuG5bzAPBJI
Карьерные вопросы | #OfficeHours #3 - Продолжительность: 1 час 2 минуты,/watch?v=KSCgRGFXXUM
Полируем профайл: CV и мотивационное письмо | СТАТЬ КОНСУЛЬТАНТОМ - Продолжительность: 45 минут,/watch?v=ct77aKcOfvM
"Как стать боссом | Валерий Бабушкин, X5 / Яндекс.Советник - Продолжительность: 52 минуты",/watch?v=HuAjBrjWfYI
Ask about management consulting | #OfficeHours #2 - Продолжительность: 1 час 8 минут,/watch?v=VmqFNQpCDco
"Подготовка к ШАД - спросите вживую, на что еще не ответил | #OfficeHours #1 - Продолжительность: 35 минут",/watch?v=is59iwX6jp0
STORYTELLING IN ACTION: Funeral oration story by Thomas Hulbert - Продолжительность: 4 минуты 30 секунд,/watch?v=PoxRGeupMZI
"Data Scientist: кто нужен бизнесу и как их обучить | Виктор Кантор, Data Mining in Action - Продолжительность: 48 минут",/watch?v=ymSqI0hVj-Q
"Data Science: Kaggle GRANDMASTER за полгода? | Павел Плесков, Data Nerds - Продолжительность: 36 минут",/watch?v=5wMAPUrd0ag
ИЗ РИТЕЙЛА В BIG3 | МАКС БОЛОТСКИХ - Продолжительность: 35 минут,/watch?v=qtm-dqbnZDg
РЕЗУЛЬТАТЫ | ШАД ЯНДЕКСА - Продолжительность: 57 секунд,/watch?v=7546MV9YICY
НАПОСЛЕДОК: БЕРИ И ДЕЛАЙ | ШАД ЯНДЕКСА - Продолжительность: 5 минут 8 секунд,/watch?v=qAf2GkEj7N0
ВСЕ ЭЛЕКТРОННЫЕ МАТЕРИАЛЫ ДЛЯ ПОДГОТОВКИ | ШАД ЯНДЕКСА - Продолжительность: 5 минут 35 секунд,/watch?v=TpqFYJn4jA4
КАК ПРОШЛО СОБЕСЕДОВАНИЕ? РАЗБОР ЗАДАЧ | ШАД ЯНДЕКСА - Продолжительность: 25 минут,/watch?v=qK075y49dtM
[НУЖЕН ВАШ ФИДБЕК!] КАК ПРОХОДИТ ИНТЕРВЬЮ. МОТИВАЦИОННЫЕ ВОПРОСЫ И ОТВЕТЫ | ШАД ЯНДЕКСА - Продолжительность: 9 минут 1 секунда,/watch?v=qeqvHaKie04
КАК ПОПАСТЬ В БОЛЬШУЮ ТРОЙКУ В 35 ЛЕТ | БОРИС КУЛАХМЕТОВ - Продолжительность: 51 минута,/watch?v=yT0KtsCjvRw
"КАРЬЕРА НА СТЫКЕ DIGITAL И STRATEGY CONSULTING | АНАСТАСИЯ КИМ, IBM iX - Продолжительность: 34 минуты",/watch?v=7kwd_0qYXY4
"ИНТЕРВЬЮ: ЗАЧЕМ ШАД? | КАРИМ ИСКАКОВ, ШАД '18 - Продолжительность: 28 минут",/watch?v=v2vrikB_l9Y
РЕШЕНИЯ ОЧНЫХ ЭКЗАМЕНОВ 2012-2018 | ШАД ЯНДЕКСА - Продолжительность: 22 минуты,/watch?v=aqXM3MiiCVE
ПОДГОТОВКА К ИНТЕРВЬЮ | ШАД ЯНДЕКСА - Продолжительность: 4 минуты 39 секунд,/watch?v=xaDG8bF_qS0
ЭКЗАМЕН: ПРОШЕЛ ИЛИ НЕТ НА СОБЕСЕДОВАНИЕ? | ШАД ЯНДЕКСА - Продолжительность: 45 секунд,/watch?v=Ua5nc-fjQSk
ПЛАН ПОДГОТОВКИ К ИНТЕРВЬЮ В БОЛЬШУЮ ТРОЙКУ | СТАТЬ КОНСУЛЬТАНТОМ - Продолжительность: 1 час 4 минуты,/watch?v=nfvibW2CB30
АПЕЛЛЯЦИЯ | ШАД ЯНДЕКСА - Продолжительность: 85 секунд,/watch?v=sIJDDxSKTVw
КНИГИ ДЛЯ ПОДГОТОВКИ | ШАД ЯНДЕКСА - Продолжительность: 6 минут 11 секунд,/watch?v=sn641V5wDcc
РЕЗУЛЬТАТЫ ЭКЗАМЕНА. ПРОХОДНОЙ БАЛЛ. СТАТИСТИКА 2017 | ШАД ЯНДЕКСА - Продолжительность: 2 минуты 25 секунд,/watch?v=Bl5twy9duyA
ЭКЗАМЕН: МОИ ВПЕЧАТЛЕНИЯ И 5 ЛАЙФХАКОВ | ШАД ЯНДЕКСА - Продолжительность: 3 минуты 22 секунды,/watch?v=qRTF3x4w1cU
В СУББОТУ ЭКЗАМЕН. ВИЗИТ В ШАД. OPENDATASCIENCE | ШАД ЯНДЕКСА - Продолжительность: 4 минуты 49 секунд,/watch?v=GM8Vl4XNuaQ
ДОРОГА В КАНАДУ | САМИР ХАЛИЛОВ - Продолжительность: 36 минут,/watch?v=zMQ3V5unvl0
"УЧИТЬ НАДО, ДРУЗЬЯ МОИ...БОТАТЬ | ШАД ЯНДЕКСА - Продолжительность: 3 минуты 39 секунд",/watch?v=JzbYMefjcJc
КАК СТУДЕНТУ ПОВЫСИТЬ ШАНСЫ СТАТЬ КОНСУЛЬТАНТОМ - Продолжительность: 7 минут 20 секунд,/watch?v=8S6l7QjH2wg
НЕ ГОТОВЬСЯ ОДИН | ШАД ЯНДЕКСА - Продолжительность: 6 минут 7 секунд,/watch?v=wFIkU1JUtNo
"ВЫШКА, РЭШ... ТРОЙКА? | СТАТЬ КОНСУЛЬТАНТОМ - Продолжительность: 2 минуты 40 секунд",/watch?v=Q6v72x6EaAw
КАК Я СТРУКТУРИРОВАЛ ПОДГОТОВКУ И РЕШИЛ ОНЛАЙН-ТЕСТ | ШАД ЯНДЕКСА - Продолжительность: 4 минуты 54 секунды,/watch?v=l60SMV7ehLc
"КОНСАЛТИНГ Q&A: СЕМЬЯ, DIGITAL, РАЗЛИЧИЯ MBB - Продолжительность: 10 минут",/watch?v=yY7FCTCHTDw
КАКОЙ ЖЕ ТЫ ПРОГРАММИСТ? НЕ ТРАТЬ ВРЕМЯ! ИДИ НА COURSERA! ИЛИ... | ШАД ЯНДЕКСА - Продолжительность: 7 минут 46 секунд,/watch?v=dm5KcDptc1Y
"ИДУ В ШАД ЯНДЕКСА | ПОЧЕМУ, ЗАЧЕМ И КАК? - Продолжительность: 4 минуты 43 секунды",/watch?v=aVY6yXfYLjQ
OLIVER WYMAN NUMERICAL REASONING TEST EXPLAINED - Продолжительность: 1 час 38 минут,/watch?v=7fSYgKESqFA
Как рэпер из Усть-Илимска [со второго раза] в Стэнфорд поступил - Продолжительность: 45 минут,/watch?v=dEo2Z7dFL2w
GMAT-GRE SENTENCE - CORRECTION - II - Продолжительность: 40 минут,/watch?v=bGGsLndozIE
"MBA Q&A: BEST PROGRAMS FOR ENTREPRENEURS, HOW TO CHOOSE A PROGRAM, APPLYING WITH A SPOUSE, AND MORE! - Продолжительность: 14 минут",/watch?v=YsVdlyWGOPA
Investment Banking 101 : DCF Model - Продолжительность: 25 минут,/watch?v=ugLYxsPPU08
7 Things I've Learned From Warren Buffett - Продолжительность: 7 минут 7 секунд,/watch?v=p_lXOJ5yUqs
Investment Banking 101 - Course Overview - Продолжительность: 82 секунды,/watch?v=PPe1D3DXduE
Investment Banking 101 : Projections - Продолжительность: 23 минуты,/watch?v=Ral1n1rfjnE
Investment Banking 101: Operating Model - Продолжительность: 1 час 18 минут,/watch?v=nmTjzMsLAZM
#5. SENTENCE CORRECTION | GMAT-GRE VERBAL with PHILIP O'HANLON - Продолжительность: 14 минут,/watch?v=VAP10-nYnEM
#4. ANALYTICAL WRITING | GMAT-GRE VERBAL with PHILIP O'HANLON - Продолжительность: 17 минут,/watch?v=IadussjqMqM
6 CONSULTING SKILLS WHICH HELP (AND HURT) ENTREPRENEURSHIP | - Продолжительность: 10 минут,/watch?v=nubVCPJHROc
#3. CRITICAL REASONING: QUESTION TYPES | GMAT-GRE VERBAL with PHILIP O'HANLON - Продолжительность: 45 минут,/watch?v=u5KLzlv1aM0
#2. CRITICAL REASONING: INDUCTIVE VS DEDUCTIVE | GMAT-GRE VERBAL with PHILIP O'HANLON - Продолжительность: 25 минут,/watch?v=9AvwUYmXZso
WHAT IS SPRAVKA: THE REAL REASON FOR MBA? | MBA WAR ROOM #9 - Продолжительность: 3 минуты 17 секунд,/watch?v=nUMznr7N3yk
HOW I GOT INTO STANFORD GSB AND WHY I DROPPED OUT - Продолжительность: 8 минут 35 секунд,/watch?v=LQ6-ah6c5GU
ONLINE APPLICATION: WHAT'S THE DEAL? | MBA WAR ROOM #8 - Продолжительность: 8 минут 33 секунды,/watch?v=2fPerofFSHE
RECOMMENDATION LETTER: 4 CRITICAL POINTS | MBA WAR ROOM #7 - Продолжительность: 12 минут,/watch?v=KDPB5F2z9sU
"БАНКИР ИЗ ЛОНДОНА: РАБ ИЛИ ГОСПОДИН? | Алекс Наумов, Morgan Stanley | 16+ - Продолжительность: 48 минут",/watch?v=2JsxXdLknHc
YOUR CV: YOUR MBA PORTRAIT | MBA WAR ROOM #6 - Продолжительность: 7 минут 44 секунды,/watch?v=tGoLB4nTIUY
GMAT GRE VERBAL COURSE - Продолжительность: 53 секунды,/watch?v=1PrY27Gf78Y
STRUCTURING FOR CONSULTING CASE INTERVIEWS - Продолжительность: 48 секунд,/watch?v=ggpzbJWM9QA
MBA ESSAY: 4 COMMON MISTAKES | MBA WAR ROOM #5 - Продолжительность: 8 минут 23 секунды,/watch?v=UHQmscB2o4U
"СПОКОЙНОЙ НОЧИ, MBA! - Продолжительность: 7 секунд",/watch?v=7Vr0q06_yhg
THE BUSINESS OF SCHOOL | MBA WAR ROOM #3 - Продолжительность: 5 минут 18 секунд,/watch?v=NSL5hEaJ7Z4
YOUR MBA ESSAYS - THESIS | MBA WAR ROOM #4 - Продолжительность: 8 минут 11 секунд,/watch?v=O09QEfewaQI
MBA ROUNDOLOGY & YOUR PROFILE TYPE | MBA WAR ROOM #2 - Продолжительность: 6 минут 48 секунд,/watch?v=SAs-k8tfxfo
PREPARING AN MBA APPLICATION? | MBA WAR ROOM #1 - Продолжительность: 7 минут 48 секунд,/watch?v=h16Bh0Q68m4
"КАЛИФОРНИЯ: ПАЛЬМЫ, ЛЬВЫ, СТАРТАПЫ И УПОРСТВО | Антон Урбанас, Deckrobot - Продолжительность: 15 минут",/watch?v=z5ND5ZWhFuY
"МОСКВА-БОСТОН: ВИЗА В США, ГРИНКАРТА, РАБОТА | Антон Урбанас, Deckrobot - Продолжительность: 11 минут",/watch?v=2VcHoB59IQY
MBA WAR ROOM COMING OUT ON DECEMBER 23 - Продолжительность: 22 секунды,/watch?v=53QeBYBsHXc
35. Уравнения: постоянные и переменные издержки - Продолжительность: 7 минут 29 секунд,/watch?v=aDcw7xHQN1A
34. Уравнения: наценка и комиссия - Продолжительность: 14 минут,/watch?v=1DkrSNGTr7s
33. Уравнения: прибыльность / profit margin - Продолжительность: 9 минут 26 секунд,/watch?v=AnlRIQ455HE
32. Уравнения: выручка / издержки / прибыль - Продолжительность: 10 минут,/watch?v=EYvep4Xl1F0
31. Уравнения: было / произошло / стало - Продолжительность: 12 минут,/watch?v=I87L1da74Hg
39. Круги Эйлера: сложные численные задачи - Продолжительность: 15 минут,/watch?v=zPucnq7-v98
38. Круги Эйлера: логические выводы без чисел - Продолжительность: 4 минуты 24 секунды,/watch?v=7HQY-y7W2MI
37. Круги Эйлера: введение - Продолжительность: 14 минут,/watch?v=1AE88xz_K8o
36. Принцип Дирихле - Продолжительность: 17 минут,/watch?v=3UyaNE5fle4
"PROBLEM SOLVING TEST COURSE | Victor Rogulenko, Fless - Продолжительность: 32 секунды",/watch?v=CHl68fvzINg
"ПОЭТ И IT БИЗНЕС В США | Антон Урбанас, Deckrobot - Продолжительность: 11 минут",/watch?v=2nD5ST4-B_w
DIGITAL ARISTOTLE | Moscow Hackathon Pitch - Продолжительность: 119 секунд,/watch?v=w1R8TmbV0EA
EVERYONE HAS A STORY | Thomas Hulbert on MBA admission - Продолжительность: 32 минуты,/watch?v=OGttjkQfgxY
McKinsey PST 13: Closing Remarks - Продолжительность: 7 минут 16 секунд,/watch?v=JvY5zB1aK_k
McKinsey PST 12: Euler Diagram - Продолжительность: 10 минут,/watch?v=PIXhSAGEHBs
McKinsey PST 11: Box Principle - Продолжительность: 13 минут,/watch?v=5X8yRJc4x5M
McKinsey PST 10: Necessary and Sufficient Conditions - Продолжительность: 5 минут 31 секунда,/watch?v=zw_XKOsixFA
"Goldman Sachs: как попасть и куда уйти | Сергей Пестов, ex-GS и VTB - Продолжительность: 40 минут",/watch?v=RqEYNv52jko
29. Уравнения: средний чек и общая выручка - Продолжительность: 5 минут 16 секунд,/watch?v=WogPNf9dLUA
28. Уравнения: разные скорости на разных промежутках - Продолжительность: 9 минут 6 секунд,/watch?v=wjH5ZtcKE58
27. Уравнения: продуктивность и работа - Продолжительность: 6 минут 17 секунд,/watch?v=8qnd4ifKIxM
30. Уравнения: доли и отношения - Продолжительность: 9 минут 24 секунды,/watch?v=sAGmVQfyFxo
"26. Уравнения: скорость, время, расстояние - Продолжительность: 13 минут",/watch?v=2xWWKrDQiXs
22. Правило 72 и аналоги для спада - Продолжительность: 11 минут,/watch?v=ZGAR6B4gNoI
25. Правило 72 и аналоги для долей - Продолжительность: 5 минут 42 секунды,/watch?v=UVQ0pYralw8
24. От спада к росту и обратно - Продолжительность: 5 минут 15 секунд,/watch?v=i04UsfLgU2k
23. Одновременный рост нескольких величин - Продолжительность: 6 минут 34 секунды,/watch?v=l7Q2D5bEeY8
"21. Еще несколько правил роста, аналогичных 72 - Продолжительность: 4 минуты 3 секунды",/watch?v=KWlhEH8alyM
20. Как самим вывести правило роста в k раз? - Продолжительность: 6 минут 6 секунд,/watch?v=jjNiY6Q8b2A
19. Правило 168 для расчета времени - Продолжительность: 7 минут 12 секунд,/watch?v=rfysWLr9aUE
18. Правило 72 для расчета CAGR - Продолжительность: 6 минут 56 секунд,/watch?v=Y27lW08DrlM
17. Правило 72 и аналоги: введение - Продолжительность: 5 минут 11 секунд,/watch?v=AWXJPbHGxso
16. Сложный процент / Compound margin - Продолжительность: 15 минут,/watch?v=0Vf8BHtf-uk
15. Сложения темпов роста - Продолжительность: 10 минут,/watch?v=8rcCwzaGOwU
14. Приблизительные расчеты: дроби - Продолжительность: 9 минут 44 секунды,/watch?v=IzYQ-Rithdg
13. Приблизительные расчеты: что важно - Продолжительность: 7 минут 55 секунд,/watch?v=vzWpzuIV_48
12. Работа с единицами измерения - Продолжительность: 7 минут 17 секунд,/watch?v=pQ2ZPCo-WJQ
11. Работа с курсами валют - Продолжительность: 15 минут,/watch?v=nSvG_i_-tsk
10. Работа со степенями 10 - Продолжительность: 4 минуты 5 секунд,/watch?v=MJBAyqLLOEw
SOME LIKE IT SHORT: 5 Successful Resume Tips! - Продолжительность: 5 минут 33 секунды,/watch?v=3CTUIFbFOec
09. Китайское умножение - Продолжительность: 5 минут 30 секунд,/watch?v=zOGFtz8AScQ
08. Итальянское умножение - Продолжительность: 17 минут,/watch?v=V-CdI-0j0jI
07. Разложение на множители для быстрого деления и умножения - Продолжительность: 3 минуты 39 секунд,/watch?v=cHfNpOz462A
06. Квадраты чисел на 5. Разность квадратов как способ быстрого умножения - Продолжительность: 10 минут,/watch?v=J34za2y7d4o
05. Расширенная таблица умножения - Продолжительность: 4 минуты 6 секунд,/watch?v=HW7q-TpHVRI
04. Быстрое умножение с базой - Продолжительность: 9 минут 13 секунд,/watch?v=9mIrp9SFZIg
02. Быстрое умножение - Продолжительность: 10 минут,/watch?v=fnOlvFp-Ss8
03. Быстрое умножение: раскрытие скобок - Продолжительность: 4 минуты 11 секунд,/watch?v=7_Y8sVM3yAo
01. Быстрое сложение и вычитание - Продолжительность: 6 минут 32 секунды,/watch?v=dVKTwPf63Kk
McKinsey PST 09: Caveats - Продолжительность: 13 минут,/watch?v=t7MPtOx5IKE
McKinsey PST 08: Contribution Margin - Продолжительность: 10 минут,/watch?v=93Ym687qWoI
McKinsey PST 07: Rule of 72 - Продолжительность: 8 минут 45 секунд,/watch?v=1QKE71fLEME
Как проходят занятия Fless - Продолжительность: 2 минуты 50 секунд,/watch?v=1Ef7R9R7Kkw
Зачем заниматься дебатами - Клуб дебатов МГИМО - Продолжительность: 39 секунд,/watch?v=EGcEulSQFXg
McKinsey PST 06: Compounding - Продолжительность: 13 минут,/watch?v=NKNRPiTzOxo
McKinsey PST 05: Last 13% - Продолжительность: 14 минут,/watch?v=KRbwi9-vwsA
McKinsey PST 04: Conclusion - Продолжительность: 10 минут,/watch?v=adqp3oG-zo8
McKinsey PST 03: Fact - Продолжительность: 14 минут,/watch?v=sGk12oVBj8s
McKinsey PST 02: Premise - Продолжительность: 14 минут,/watch?v=BAkBjvEGo5E
McKinsey PST 01: Generic Approach | 16+ - Продолжительность: 29 минут,/watch?v=rluFEP16WyY
McKinsey PST: Introduction - Продолжительность: 2 минуты 1 секунда,/watch?v=AiMS45VcJUk
About Flessibilità - Продолжительность: 48 секунд,/watch?v=sWzMx2v_BS8
"Финальный тест курса ""Математика для управленческого консалтинга"" - Разбор - Продолжительность: 1 час 20 минут",/watch?v=IK3dMfTLLU0
PST LOMS - 1 Hour Test in 4 Minutes - Продолжительность: 3 минуты 43 секунды,/watch?v=NrHzNG3yUbQ
Foundations of Management Consulting and Value Creation - Overview - Продолжительность: 2 минуты 48 секунд,/watch?v=5QctvpTFzhI
McKinsey Problem Solving Test Theory (In Russian) - Продолжительность: 2 часа 35 минут,/watch?v=i9NnQe1mIu8
Studying at STANFORD GSB | MBA Secrets - Продолжительность: 39 минут,/watch?v=ZPQUW3yQHoU
"Case Practice: Alyona L., Hong Kong Port - Продолжительность: 54 минуты",/watch?v=oLjZ5KjNyEk
"Case Practice: Vladislav K., Hong Kong Port - Продолжительность: 43 минуты",/watch?v=dvzEGwmNBJM
Studying at HARVARD | MBA Secrets 16+ - Продолжительность: 50 минут,/watch?v=LuFaJaIHPy8
